{
  "properties": {
    "connectionReferences": {},
    "definition": {
      "$schema": "https://schema.management.azure.com/providers/Microsoft.Logic/schemas/2016-06-01/workflowdefinition.json#",
      "contentVersion": "1.0.0.0",
      "parameters": {
        "$authentication": {
          "defaultValue": {},
          "type": "SecureObject"
        }
      },
      "triggers": {
        "manual": {
          "metadata": {
            "operationMetadataId": "63323a7d-a08d-49ba-881f-a84306089f9d"
          },
          "type": "Request",
          "kind": "PowerAppV2",
          "inputs": {
            "schema": {
              "type": "object",
              "properties": {
                "text": {
                  "title": "Address",
                  "type": "string",
                  "x-ms-dynamically-added": true,
                  "description": "住所を指定してください",
                  "x-ms-content-hint": "TEXT"
                }
              },
              "required": [
                "text"
              ]
            }
          }
        }
      },
      "actions": {
        "HTTP": {
          "runAfter": {},
          "metadata": {
            "operationMetadataId": "7535f1be-db5d-48e6-a4da-81de372bb1e6"
          },
          "type": "Http",
          "inputs": {
            "method": "GET",
            "uri": "https://msearch.gsi.go.jp/address-search/AddressSearch?q=@{triggerBody()['text']}"
          }
        },
        "JSON_の解析": {
          "runAfter": {
            "HTTP": [
              "Succeeded"
            ]
          },
          "metadata": {
            "operationMetadataId": "8abaca1b-6663-4a06-a2e6-2ec2b115ea9a"
          },
          "type": "ParseJson",
          "inputs": {
            "content": "@body('HTTP')",
            "schema": {
              "type": "array",
              "items": {
                "type": "object",
                "properties": {
                  "geometry": {
                    "type": "object",
                    "properties": {
                      "coordinates": {
                        "type": "array",
                        "items": {
                          "type": "number"
                        }
                      },
                      "type": {
                        "type": "string"
                      }
                    }
                  },
                  "type": {
                    "type": "string"
                  },
                  "properties": {
                    "type": "object",
                    "properties": {
                      "addressCode": {
                        "type": "string"
                      },
                      "title": {
                        "type": "string"
                      }
                    }
                  }
                },
                "required": []
              }
            }
          }
        },
        "応答": {
          "runAfter": {
            "JSON_の解析": [
              "Succeeded"
            ]
          },
          "metadata": {
            "operationMetadataId": "fc4d391f-411f-4637-b7d6-b6ce43e0c1fc"
          },
          "type": "Response",
          "kind": "Http",
          "inputs": {
            "statusCode": 200,
            "body": "@body('HTTP')",
            "schema": {
              "type": "array",
              "items": {
                "type": "object",
                "properties": {
                  "geometry": {
                    "type": "object",
                    "properties": {
                      "coordinates": {
                        "type": "array",
                        "items": {
                          "type": "number"
                        }
                      },
                      "type": {
                        "type": "string"
                      }
                    }
                  },
                  "type": {
                    "type": "string"
                  },
                  "properties": {
                    "type": "object",
                    "properties": {
                      "addressCode": {
                        "type": "string"
                      },
                      "title": {
                        "type": "string"
                      }
                    }
                  }
                },
                "required": [
                  "geometry",
                  "type",
                  "properties"
                ]
              }
            }
          }
        }
      },
      "outputs": {}
    }
  },
  "schemaVersion": "1.0.0.0"
}